{
  "Total" : {
    "transaction" : "Total",
    "sampleCount" : 5885,
    "errorCount" : 0,
    "errorPct" : 0.0,
    "meanResTime" : 18.879354290569164,
    "medianResTime" : 18.0,
    "minResTime" : 16.0,
    "maxResTime" : 622.0,
    "pct1ResTime" : 20.0,
    "pct2ResTime" : 20.0,
    "pct3ResTime" : 27.0,
    "throughput" : 98.16186282359222,
    "receivedKBytesPerSec" : 341.1590600605484,
    "sentKBytesPerSec" : 36.235531393865095
  },
  "HTTP Request Person Changes" : {
    "transaction" : "HTTP Request Person Changes",
    "sampleCount" : 5885,
    "errorCount" : 0,
    "errorPct" : 0.0,
    "meanResTime" : 18.879354290569164,
    "medianResTime" : 18.0,
    "minResTime" : 16.0,
    "maxResTime" : 622.0,
    "pct1ResTime" : 20.0,
    "pct2ResTime" : 20.0,
    "pct3ResTime" : 27.0,
    "throughput" : 98.16186282359222,
    "receivedKBytesPerSec" : 341.1590600605484,
    "sentKBytesPerSec" : 36.235531393865095
  }
}